PN,rating,rating_count,name,price,CPU,RAM,RAM_upgradable,GPU,battery_wh,hard_drive,storage_upgradable,screen_size,display_resolution,display_rating,screen_technology,weight,length,width,height,OS,surface_material,release_year,ports,keyboard_light
NH.QD9SV.001,5,1,588,Acer Nitro Gaming AN515-57-74NU/i7-11800H,28499000,Intel Core i7 - 11800H,8 GB,Yes,NVIDIA GeForce RTX 3050Ti 4GB,--,SSD 512 GB,Yes,"15.6""",1920 x 1080 Pixel,144 Hz,LED-backlit,2.2,363.4,255,23.9,Windows 10,Nhựa,2021,"[1, 2, 0, 1, 3, 0]",Yes
852VN,5,1,313,MSI Modern 14 B11MOU 852VN i5 1155G7/852VN,18799000,Intel Core i5 - 1155G7,8 GB,Yes,Intel Iris Xe Graphics,65 W,SSD 512 GB,Yes,"14.0""",1920 x 1080 Pixel,60 Hz,IPS LCD,1.3,319,219,16.9,Windows 10,Kim Loại,2021,"[1, 1, 0, 1, 2, 0]",Yes
P112F001,5,1,109,Dell Inspiron N3511 i3 1115G4/P112F001ABL,15299000,Intel Core i3 - 1115G4,4 GB,Yes,Intel UHD Graphics,65 W,SSD 256 GB,Yes,"15.6""",1920 x 1080 Pixel,60 Hz,WVA Anti-glare LED Backlit Narrow Border,1.73,358.5,258,18.9,Windows 10,Nhựa,2021,"[1, 1, 0, 0, 3, 0]",Yes
V5I3001W,5,2,775,Dell Vostro V3500 i3 1115G4,15599000,Intel Core i3 - 1115G4,8 GB,Yes,Intel UHD Graphics,45 W,SSD 256 GB,Yes,"15.6""",1920 x 1080 Pixel,60 Hz,Anti-glare LED-backlit,1.98,368,249,19.9,Windows 10,Nhựa,2021,"[1, 2, 1, 0, 3, 0]",Yes
82H80040VN,5,4,362,Lenovo IdeaPad Slim 3 15ITL6 i3 1115G4,14999000,Intel Core i3 - 1115G4,8 GB,Yes,Intel UHD Graphics,--,SSD 512 GB,Yes,"15.6""",1920 x 1080 Pixel,60 Hz,Anti-glare LED-backlit,1.65,359,237.7,19.9,Windows 10,ABS plastic,2021,"[1, 1, 0, 1, 2, 0]",Yes
P112F001,5,1,54,Dell Inspiron N3511 i5 1135G7/P112F001BBL,19999000,Intel Core i5 - 1135G7,4 GB,Yes,Intel Iris Xe Graphics,65 W,SSD 512 GB,Yes,"15.6""",1920 x 1080 Pixel,60 Hz,WVA Anti-glare LED Backlit Narrow Border,1.73,358.5,258,18.9,Windows 10,Nhựa,2021,"[1, 1, 0, 0, 3, 0]",Yes
82FG00R0VN,5,4,1199,Lenovo Ideapad Slim 5 15ITL05 i5 1135G7,18799000,Intel Core i5 - 1135G7,16 GB,Yes,Intel Iris Xe Graphics,45 W,SSD 512 GB,Yes,"15.6""",1920 x 1080 Pixel,--,"IPS LCD LED Backlit, True Tone",1.66,356.67,233.13,17.9,Windows 10,Kim loại và nhựa,2021,"[1, 2, 0, 1, 2, 0]",Yes
481VN,5,1,817,MSI Gaming GF63 Thin 10SC-481VN i7 10750H,22309000,Intel Core i7 - 10750H,8 GB,Yes,NVIDIA GeForce GTX1650 Max Q 4GB,120 W,SSD 512 GB,Yes,"15.6""",1920 x 1080 Pixel,144 Hz,IPS LCD,1.86,359,254,21.7,Windows 10,--,2021,"[1, 1, 1, 1, 3, 0]",No
P106F003ASL,5,1,496,Dell Inspiron N5515 R5 5500U/P106F003ASL,18999000,Intel Ryzen 5 - 5500U,8 GB,Yes,AMD Radeon RX Graphics Vega 7,65 W,SSD 256 GB,Yes,"15.6""",1920 x 1080 Pixel,60 Hz,WVA Anti-glare LED Backlit Narrow Border,1.75,356,228,17.9,Windows 10,Nhôm,2021,"[1, 1, 0, 1, 2, 0]",Yes
21A2004BVN,3,2,170,Lenovo ThinkBook 14 G3 ACL R7 5700U/21A2004BVN,19999000,AMD Ryzen 7 - 5700U,8 GB,Yes,AMD Radeon Graphics,45 W,SSD 512 GB,Yes,"14.0""",1920 x 1080 Pixel,60 Hz,"IPS LCD LED Backlit, True Tone",1.4,323,217.5,17.9,Windows 10,Nhôm,2021,"[1, 1, 1, 2, 2, 0]",Yes
70253900,5,1,291,Dell Vostro V3400 i5 1135G7/70253900,18899000,Intel Core i5 - 1135G7,8 GB,Yes,Intel UHD Graphics,45 W,SSD 256 GB,Yes,"14.0""",1920 x 1080 Pixel,60 Hz,WVA Anti-glare LED Backlit Narrow Border,1.86,359,254,21.7,Windows 10,Nhựa,2020,"[1, 2, 1, 0, 2, 0]",Yes
P90F006,5,2,142,Dell Vostro V3500 i5 1135G7/P90F006CBL,20849000,Intel Core i5 - 1135G7,8 GB,Yes,NVIDIA GeForce MX330 2GB,65 W,SSD 512 GB,Yes,"15.6""",1920 x 1080 Pixel,60 Hz,WVA Anti-glare LED Backlit Narrow Border,1.97,363.96,249,19.9,Windows 10,Nhựa,2020,"[1, 1, 1, 1, 3, 0]",Yes
A515EA-L11970T,5,1,345,Asus Vivobook A515EA-L11970T/i5-1135G7,19999000,Intel Core i5 - 1135G7,8 GB,Yes,Intel Iris Xe Graphics,65 W,SSD 512 GB,Yes,"15.6""",1920 x 1080 Pixel,60 Hz,OLED,1.8,359,235,--,Windows 10,Nhôm,2021,"[1, 0, 0, 1, 3, 0]",Yes
NH.QD9SV.002,5,4,328,Acer Nitro Gaming AN515-57-57MX/i5-11400H,26124000,Intel Core i5 - 11400H,8 GB,Yes,Nvidia Geforce RTX3050Ti 4GB,--,SSD 512 GB,Yes,"15.6""",1920 x 1080 Pixel,144 Hz,Acer ComfyView LED-backlit,2.2,363.4,255,23.9,Windows 10,Nhựa,2021,"[0, 0, 0, 1, 3, 0]",Yes
697VN,5,1,31,MSI Gaming Katana GF66 11UD 697VN i7 11800H,30069000,Intel Core i7 - 11800H,8 GB,Yes,NVIDIA GeForce  GTX 3050 4GB,--,SSD 512 GB,Yes,"15.6""",1920 x 1080 Pixel,144 Hz,"IPS LCD LED Backlit, True Tone",2.1,359,--,24.9,Windows 10,Kim Loại,2021,"[1, 1, 1, 1, 4, 0]",Yes
NK,5,1,54,Dell Inspiron N3502 N4020/NK,10999000,Intel Celeron - N4020,4 GB,Yes,Intel UHD Graphics 600,45 W,SSD 128 GB,Yes,"15.6""",1366 x 768 Pixel,60 Hz,--,1.83,363.96,249,19.9,Windows 10,Nhựa,2020,"[1, 2, 1, 0, 3, 0]",Yes
2020,5,1,140,Dell Inspiron N3505 R5 3450U,17999000,AMD Ryzen 5 - 3450U,8 GB,Yes,AMD Radeon Graphics,45 W,SSD 256 GB,Yes,"15.6""",1920 x 1080 Pixel,60 Hz,Wide-Viewing Angle (WVA),1.98,363.96,249,18 ~ 19.90,Windows 10,Nhựa,Trung Quốc,"[1, 2, 1, 0, 3, 0]",Yes
2021,5,1,257,Dell Inspiron N3510 Celeron N4020,10999000,Intel Celeron - N4020,4 GB,Yes,Intel UHD Graphics 600,65 W,SSD 128 GB,Yes,"15.6""",1366 x 768 Pixel,60 Hz,LED-backlit,1.65,358.5,235,0.41 ~ 15.6,Windows 10,Nhựa,Trung Quốc,"[1, 2, 0, 0, 3, 0]",Yes
2021,5,1,156,Dell Inspiron N3510 Pentium N5030,11699000,Intel Pentium - N5030,4 GB,Yes,Intel UHD Graphics 605,65 W,SSD 128 GB,Yes,"15.6""",1366 x 768 Pixel,60 Hz,Wide-Viewing Angle (WVA),1.65,358.5,235,18.9,Windows 10,Nhựa,Trung Quốc,"[1, 2, 0, 0, 3, 0]",Yes
286VN,5,2,214,MSI Gaming GF65 10UE 286VN i5 10500H,28199000,Intel Core i5 - 10500H,16 GB,Yes,NVIDIA GeForce RTX 3060 Max- Q 6GB,180 W,SSD 512 GB,Yes,"15.6""",1920 x 1080 Pixel,144 Hz,--,1.86,359,254,21.7,Windows 10,--,2021,"[1, 1, 1, 2, 2, 0]",No
NH.QENSV.003,5,1,291,Acer Nitro Gaming AN515-57-54MV/i5-11400H,25174000,Intel Core i5 - 11400H,8 GB,Yes,Nvidia Geforce RTX3050 4GB,--,SSD 512 GB,Yes,"15.6""",1920 x 1080 Pixel,144 Hz,Acer ComfyView LED-backlit,2.2,363,255,23.9,Windows 11,Nhựa,2021,"[1, 2, 0, 1, 2, 0]",Yes
4U6M4PA,5,1,42,HP Envy 13 ba1535TU i7 1165G7/4U6M4PA,29019000,Intel Core i7 - 1165G7,8 GB,Yes,Intel Iris Xe Graphics,65 W,SSD 512 GB,Yes,"13.3""",1920 x 1080 Pixel,60 Hz,--,1.23,306,194.5,16.9,Windows 10,Kim Loại,2021,"[0, 2, 0, 0, 2, 0]",Yes
YX51W3,5,1,28,Dell Vostro V3400 i5 1135G7/YX51W3,21329000,Intel Core i5 - 1135G7,8 GB,Yes,NVIDIA GeForce MX330 2GB,65 W,nan,Yes,"14.0""",1920 x 1080 Pixel,60 Hz,Wide-Viewing Angle (WVA),1.55,320.5,232.8,19.9,Windows 10,Nhựa,2021,"[1, 2, 1, 1, 3, 0]",Yes
V4R53500U003W,5,1,514,Dell Vostro V3405 R5 3500U,18499000,AMD Ryzen 5 - 3500U,8 GB,Yes,AMD Radeon Graphics,45 W,SSD 512 GB,Yes,"14.0""",1920 x 1080 Pixel,60 Hz,Anti-glare LED-backlit,1.79,--,--,--,Windows 10,--,2020,"[0, 0, 0, 0, 0, 0]",No
096VN,5,1,52,MSI Gaming Katana GF76 11UC 096VN i7 11800H,29399000,Intel Core i7 - 11800H,8 GB,Yes,NVIDIA® GeForce® RTX3050 4GB,150 W,SSD 512 GB,Yes,"17.3""",1920 x 1080 Pixel,144 Hz,--,2.6,397,275,25,Windows 10,ABS plastic,--,"[1, 1, 1, 1, 3, 0]",No
NX.HS5SV.001,4,38,1737,Acer Aspire 3 A315 56 37DV i3 1005G1/Đen/NX.HS5SV.001,12199000,Intel Core i3 - 1005G1,4 GB,Yes,Intel UHD Graphics,--,SSD 256 GB,Yes,"15.6""",1920 x 1080 Pixel,60 Hz,LED-backlit,1.7,--,--,--,Windows 10,Nhựa,2020,"[1, 2, 1, 0, 3, 0]",Yes
82H80044VN,5,1,274,Lenovo IdeaPad Slim 3 15ITL6 i5 1135G7,17999000,Intel Core i5 - 1135G7,8 GB,Yes,Intel Iris Xe Graphics,--,SSD 512 GB,Yes,"15.6""",1920 x 1080 Pixel,60 Hz,Anti-glare LED-backlit,1.65,359,237.7,19.9,Windows 10,ABS plastic,2021,"[1, 1, 0, 1, 2, 0]",Yes
82A30071VN,2,3,417,Lenovo Yoga Slim 7 14ITL05 i5 1135G7,23499000,Intel Core i5 - 1135G7,16 GB,Yes,Intel Iris Xe Graphics,65 W,SSD 512 GB,Yes,"14.0""",1920 x 1080 Pixel,60 Hz,"IPS LCD LED Backlit, True Tone",1.36,320.5,208.5,14.9,Windows 10,Nhôm,2021,"[1, 1, 0, 0, 2, 0]",Yes
NH.QAYSV.004,4,5,1409,ACER Aspire Gaming A715-42G-R4ST/R5-5500U,19999000,AMD Ryzen 5 - 5500U,8 GB,Yes,GeForce GTX 1650 4G-GDDR6,130 W,SSD 256 GB,Yes,"15.6""",1920 x 1080 Pixel,60 Hz,Acer ComfyView Anti-glare LED-backlit,2.1,363.4,254.5,22.9,Windows 10,Vỏ nhựa,2021,"[1, 2, 1, 1, 3, 0]",Yes
N3501C,5,2,503,"Dell Inspiron N3501C i3 1115G4/4GB/256GB/15.6""FHD/Win 10",14999000,Intel Core i3 - 1115G4,4 GB,Yes,Intel UHD Graphics,45 W,SSD 256 GB,Yes,"15.6""",1920 x 1080 Pixel,60 Hz,WVA Anti-glare LED Backlit Narrow Border,1.96,363.96,249,19.9,Windows 10,Nhựa,2021,"[1, 1, 1, 0, 3, 0]",No
46M12PA,5,1,359,HP Pavilion 15 eg0513TU i3 1125G4,14999000,Intel Core i3 - 1125G4,4 GB,Yes,Intel UHD Graphics,45 W,SSD 256 GB,Yes,"15.6""",1920 x 1080 Pixel,60 Hz,--,1.68,360,234,17.9,Windows 10,Nhựa,2021,"[1, 2, 0, 1, 2, 0]",Yes
46M08PA,5,1,263,HP Pavilion 15 eg0509TU i3 1125G4,15999000,Intel Core i3 - 1125G4,4 GB,Yes,Intel UHD Graphics,45 W,SSD 512 GB,Yes,"15.6""",1920 x 1080 Pixel,60 Hz,--,1.68,360,234,17.9,Windows 10,Nhựa,2021,"[1, 2, 0, 1, 0, 0]",Yes
V4R53500U001W,5,1,622,Dell Vostro V3405 R5 3500U,16499000,AMD Ryzen 5 - 3500U,4 GB,Yes,AMD Radeon Graphics Vega 8,45 W,SSD 256 GB,Yes,"14.0""",1920 x 1080 Pixel,60 Hz,Anti-glare LED-backlit,1.7,328.7,239.5,19.9,Windows 10,Nhựa,2020,"[1, 2, 1, 0, 3, 0]",Yes
UX325EA-KG363T,5,2,717,Asus Zenbook UX325EA-KG363T/i5-1135G7,23299000,Intel Core i5 - 1135G7,8 GB,Yes,Intel Iris Xe Graphics,65 W,SSD 512 GB,Yes,"13.3""",1920 x 1080 Pixel,60 Hz,OLED,1.1,304.1,203.19,13.9,Windows 10,Nhôm,2021,"[1, 0, 0, 1, 1, 0]",Yes
70253899,5,1,174,Dell Vostro V3400 i3 1115G4/70253899,15899000,Intel Core i3 - 1115G4,8 GB,Yes,Intel UHD Graphics,45 W,SSD 256 GB,Yes,"14.0""",1920 x 1080 Pixel,60 Hz,WVA Anti-glare LED Backlit Narrow Border,1.64,339,242,19.9,Windows 10,Nhựa,2020,"[1, 2, 1, 0, 3, 0]",Yes
P90F005,5,1,313,Dell Inspiron N3501B i5 1135G7,18999000,Intel Core i5 - 1135G7,4 GB,Yes,Intel Iris Xe Graphics,45 W,SSD 512 GB,Yes,"15.6""",1920 x 1080 Pixel,60 Hz,LED Backlit,1.96,363.96,249,19.9,Windows 10,Nhựa,2021,"[1, 2, 0, 1, 3, 0]",No
4R0U8PA,5,1,641,HP Gaming VICTUS 16 e0175AX R5 5600H/4R0U8PA,23769000,AMD Ryzen 5 - 5600H,8 GB,Yes,NVIDIA GeForce RTX 3050 4GB,200 W,SSD 512 GB,Yes,"16.1""",1920 x 1080 Pixel,144 Hz,Anti-glare Micro-edge WLED-backlit,2.46,369,262,23.5,Windows 10,--,2021,"[1, 2, 1, 1, 3, 0]",Yes
NH.QD8SV.001,5,2,1064,Acer Nitro Gaming AN515-57-74RD/i7-11800H,26599000,Intel Core i7 - 11800H,8 GB,Yes,Geforce RTX 3050 4GB,--,SSD 512 GB,Yes,"15.6""",1920 x 1080 Pixel,144 Hz,LED-backlit,2.2,363.4,255,23.9,Windows 10,Nhựa,2021,"[1, 2, 0, 1, 3, 0]",Yes
NH.QC2SV.002,5,1,65,Acer Predator Helios Gaming PH315-54-75YD/i7-11800H,37999000,Intel Core i7 - 11800H,16 GB,Yes,Nvidia Geforce RTX3060 6GB,59 W,SSD 512 GB,Yes,"15.6""",2560 x 1440 Pixel,165 Hz,LED-backlit,2.3,363,255,22.9,Windows 10,Kim Loại,2021,"[1, 2, 1, 1, 2, 0]",Yes
0WT8R1,5,1,152,Dell Inspiron N5510 i5 11300H/0WT8R1,22329000,Intel Core i5 - 11300H,8 GB,Yes,Intel Iris Plus Graphics,65 W,SSD 256 GB,Yes,"15.6""",1920 x 1080 Pixel,60 Hz,--,1.65,356,228,18,Windows 10,Kim loại và nhựa,2021,"[1, 2, 0, 1, 2, 0]",Yes
82K100FBVN,5,1,54,Lenovo Gaming 3 15IHU6 i7 11370H/82K100FBVN,26999000,Intel Core i7 - 1130G7,8 GB,Yes,NVIDIA GeForce RTX 3050 4GB,45 W,SSD 512 GB,Yes,"15.6""",1920 x 1080 Pixel,120 Hz,IPS LCD,2.25,359,252,24.4,Windows 10,ABS plastic,2021,"[1, 2, 1, 1, 2, 0]",Yes
089VN,5,1,75,MSI Prestige 14EVO A11M-089VN i7-1185G7,29099000,Intel Core i7 - 1185G7,16 GB,Yes,Intel Iris Xe Graphics,90 W,SSD 512 GB,Yes,"14.0""",1920 x 1080 Pixel,60 Hz,--,1.29,319,219,15.9,Windows 10,Kim Loại,2020,"[0, 1, 0, 2, 1, 0]",Yes
641VN,5,1,46,MSI Gaming Katana GF66 11UC 641VN i7 11800H,29099000,Intel Core i7 - 11800H,8 GB,Yes,NVIDIA GeForce RTX 3050 4GB,--,SSD 512 GB,Yes,"15.6""",1920 x 1080 Pixel,144 Hz,"IPS LCD LED Backlit, True Tone",2.1,359,--,24.9,Windows 10,Kim Loại,2021,"[1, 1, 1, 1, 4, 0]",Yes
036VN,5,1,25,MSI Gaming Alpha 15 B5EEK 036VN R7 5800H/036VN,35899000,AMD Ryzen 7 - 5800H,16 GB,Yes,AMD Radeon RX 6600M 8GB,180 W,SSD 512 GB,Yes,"15.6""",1920 x 1080 Pixel,144 Hz,"IPS LCD LED Backlit, True Tone",2.35,359,259,23.9,Windows 10,Kim Loại,2021,"[1, 2, 1, 1, 4, 0]",Yes
255VN,5,1,78,MSI Gaming Pulse GL66 11UDK 255VN i7 11800H,32999000,Intel Core i7 - 11800H,16 GB,Yes,NVIDIA® GeForce® RTX 3050 Ti 4GB,180 W,SSD 512 GB,Yes,"15.6""",1920 x 1080 Pixel,144 Hz,--,2.25,359,258,23.9,Windows 10,Kim Loại,2021,"[1, 1, 1, 1, 3, 0]",No
Y1N1T5,5,1,92,Dell Inspiron N3505 R5 3500U/Y1N1T5,19699000,AMD Ryzen 5 - 3500U,8 GB,Yes,AMD Radeon Graphics,48 W,SSD 512 GB,Yes,"15.6""",1920 x 1080 Pixel,60 Hz,Truelife LED-Backlit,1.83,360,249,19.9,Windows 10,ABS plastic,2021,"[1, 2, 1, 0, 3, 0]",Yes
nan,nan,nan,nan,MSI Gaming Stealth 15M A11UEK 232VN i7 11375H,40699000,nan,16 GB,No,NVIDIA GeForce RTX 3060 Max-Q 6GB,nan,SSD 512 GB,No,"15.6""",nan,nan,nan,1.7,nan,nan,nan,nan,nan,nan,"['nan', 'nan', 'nan', 'nan', 'nan', 'nan']",No
90NB0SM1-M09310,5,1,261,Asus Zenbook UX425EA-KI439T/i7-1165G7,29899000,Intel Core i7 - 1165G7,16 GB,Yes,Intel Iris Xe graphics,65 W,SSD 512 GB,Yes,"14.0""",1920 x 1080 Pixel,60 Hz,Anti-glare LED-backlit,1.17,319,208,13.9,Windows 10,Kim Loại,2021,"[0, 0, 0, 0, 0, 0]",Yes
90NR05X1-M00480,5,1,6,Asus TUF Gaming FX516PM-HN002T/i7-11370H,31999000,Intel Core i7 - 11370H,8 GB,Yes,Nvidia Geforce  RTX3060 6GB,200 W,SSD 512 GB,Yes,"15.6""",1920 x 1080 Pixel,144 Hz,Anti-glare LED-backlit,2,360,252,19.89 ~ 19.90,Windows 10,Kim Loại,2021,"[1, 1, 1, 1, 3, 0]",Yes
90NB0TP2-M03440,5,2,665,Asus Vivobook M513UA-L1230T/R5-5500U,18999000,AMD Ryzen 5 - 5500U,8 GB,Yes,AMD Radeon Graphics,42 W,SSD 512 GB,Yes,"15.6""",1920 x 1080 Pixel,60 Hz,OLED,1.8,360,235,--,Windows 10,Nhôm,2021,"[0, 0, 0, 1, 0, 0]",Yes
220VN,5,1,18,MSI Summit E13 Flip Evo A11MT i7 1185G7,37999000,Intel Core i7 - 1185G7,16 GB,Yes,Intel Iris Xe Graphics,65 W,SSD 1 TB,Yes,"13.4""",1920 x 1200 Pixel,60 Hz,LED Backlit,1.35,300.2,222.25,14.9,Windows 10,Kim Loại,2021,"[0, 1, 0, 1, 1, 0]",Yes
037VN,5,1,16,MSI  Prestie 15 A11SC 037VN i7 1185G7,33999000,Intel Core i7 - 1185G7,16 GB,Yes,NVIDIA GeForce GTX 1650 Max-Q 4GB,90 W,SSD 512 GB,Yes,"15.6""",1920 x 1080 Pixel,60 Hz,IPS LCD,1.693,356.8,233.7,16.9,Windows 10,Kim Loại,2021,"[1, 1, 0, 2, 2, 0]",Yes
GV301QC-K6052T,5,1,53,Asus FLow Gaming GV301QC-K6052T/R9-5900HX,37999000,AMD Ryzen 9 - 5900HX,16 GB,Yes,Nvidia GeForce RTX3050 4GB,--,SSD 512 GB,Yes,"13.4""",1920 x 1200 Pixel,120 Hz,--,1.3,290,228,15.9,Windows 10,Hợp kim Magie và nhôm,2021,"[0, 0, 0, 2, 0, 0]",Yes
90NR07H3-M00090,5,1,217,ASUS Gaming Zephyrus GA401IHR-HZ009T/R7-4800HS,25999000,AMD Ryzen 7 - 4800HS,8 GB,Yes,GeForce GTX 1650 4GB,150 W,SSD 512 GB,Yes,"14.0""",1920 x 1080 Pixel,144 Hz,Anti-glare LED-backlit,1.6,324,222,17.9,Windows 10,Kim Loại,2021,"[1, 2, 0, 2, 2, 0]",Yes
90NB0RZ1-M13430,5,1,17,Asus Zenbook Flip UX363EA-HP548T/i7-1165G7,32999000,Intel Core i7 - 1165G7,16 GB,Yes,Intel Iris Xe Graphics,65 W,SSD 512 GB,Yes,"13.3""",1920 x 1080 Pixel,60 Hz,OLED,1.3,305.2,211.5,13.9,Windows 10,Nhôm,2021,"[1, 0, 0, 2, 1, 0]",Yes
518V7PA,5,1,112,HP 240 G8 i5 1135G7/518V7PA,18499000,Intel Core i5 - 1135G7,8 GB,Yes,Intel Iris Xe Graphics,45 W,SSD 512 GB,Yes,"14.0""",1920 x 1080 Pixel,60 Hz,--,1.42,324,225,19.9,Windows 10,Nhựa,2021,"[1, 2, 0, 1, 2, 0]",Yes
90NR0606-M03570,5,1,54,ASUS Gaming TUF FA506QM-HN016T/R7-5800H,31999000,AMD Ryzen 7 - 5800H,16 GB,Yes,Nvidia Geforce  RTX3060 6GB,90 W,SSD 512 GB,Yes,"15.6""",1920 x 1080 Pixel,144 Hz,Anti-glare LED-backlit,2.39,359,256,24.4,Windows 10,Kim Loại,2021,"[1, 2, 1, 1, 3, 0]",Yes
NH.QBCSV.001,5,1,400,Acer Nitro Gaming AN515-45-R0B6/R7-5800H,31349000,AMD Ryzen 7 - 5800H,8 GB,Yes,GeForce RTX™ 3060 6GB DDR6,--,SSD 512 GB,Yes,"15.6""",1920 x 1080 Pixel,144 Hz,"IPS LCD LED Backlit, True Tone",2.2,363.4,255,23.9,Windows 10,Nhựa,2021,"[1, 2, 1, 1, 3, 0]",Yes
068VN,5,1,40,MSI Summit E16 Flip A11UCT i7 1195G7,44999000,Intel Core i7 - 1195G7,16 GB,Yes,NVIDIA® GeForce® RTX3050 4GB,100 W,SSD 1 TB,Yes,"16.0""",2560 x 1600 Pixel,120 Hz,LED Backlit,1.9,358.6,257.8,16.85,Windows 10,Kim Loại,2021,"[1, 1, 0, 0, 2, 0]",Yes
NH.QDQSV.001,5,1,44,Acer Triton Gaming PT315-53-75LQ/i7-11800H,40590000,Intel Core i7 - 11800H,16 GB,Yes,Nvidia Geforce RTX3060 6GB,--,SSD 512 GB,Yes,"15.6""",2560 x 1440 Pixel,165 Hz,Acer ComfyView LED-backlit,2.0,350.72,255,19.9,Windows 10,Nhôm,2021,"[1, 2, 1, 1, 3, 0]",Yes
46M00PA,5,1,306,HP Pavilion 15 eg0504TU i7 1165G7,22309000,Intel Core i7 - 1165G7,8 GB,Yes,Intel Iris Xe Graphics,45 W,SSD 512 GB,Yes,"15.6""",1920 x 1080 Pixel,60 Hz,Anti-glare WLED-backlit,1.68,360,234,17.9,Windows 10,Nhựa,2021,"[1, 2, 0, 1, 0, 0]",Yes
X515EA-BQ1004T,5,1,353,Asus Vivobook X515EA-BQ1004T/i3-1115G4,14199000,Intel Core i3 - 1115G4,4 GB,Yes,Intel UHD Graphics,37 W,SSD 512 GB,Yes,"15.6""",1920 x 1080 Pixel,60 Hz,Anti-glare LED-backlit,1.8,360,235,19.9,Windows 10,Nhựa,2021,"[1, 2, 0, 1, 3, 0]",Yes
FX516PE-HN005T,5,3,254,ASUS Gaming TUF FX516PE-HN005T/i7-11370H,27999000,Intel Core i7 - 11370H,8 GB,Yes,Nvidia GeForce RTX3050Ti_4GB,180 W,SSD 512 GB,Yes,"15.6""",1920 x 1080 Pixel,144 Hz,Anti-glare LED-backlit,2.072,360,252,19.9,Windows 10,Kim Loại,2021,"[1, 0, 0, 0, 3, 0]",Yes
MK1A3SA/A,5,1,5,"MacBook Pro 16"" 2021 M1 Max 1TB",92990000,Apple M1 Max - --,32 GB,Yes,Apple M1 Max,--,SSD 1 TB,Yes,"16.2""",3456 x 2234 Pixel,--,--,2.129,--,--,--,Mac OS,Nhôm,2021,"[0, 0, 0, 0, 0, 0]",Yes
MK183SA/A,5,1,14,"MacBook Pro 16"" 2021 M1 Pro 512GB",65990000,Apple M1 Pro - --,16 GB,Yes,Apple M1 Pro,--,SSD 512 GB,Yes,"16.2""",3456 x 2234 Pixel,--,--,2.129,--,--,--,Mac OS,Nhôm,2021,"[0, 0, 0, 0, 0, 0]",Yes
MKGP3SA/A,5,1,33,"MacBook Pro 14"" 2021 M1 Pro 512GB",52990000,Apple M1 Pro - --,16 GB,Yes,Apple M1 Pro,--,SSD 512 GB,Yes,"14.2""",3024 x 1964 Pixel,--,--,1.604,--,--,--,Mac OS,Nhôm,2021,"[0, 0, 0, 0, 0, 0]",Yes
3G1H5PA,5,1,0,HP EliteBook x360 1040 G8 i7 1165G7/3G1H5PA,48499000,Intel Core i7 - 1165G7,16 GB,Yes,Iris Xe Graphics,65 W,SSD 1 TB,Yes,"14.0""",1920 x 1080 Pixel,--,FHD Touch,1.39,320,203.19,16.4,Windows 10 Pro 64,--,2020,"[1, 1, 0, 2, 2, 0]",Yes
MWP42SA/A,3,34,94,"MacBook Pro 13"" 2020 Touch Bar 2.0GHz Core i5",46999000,Intel Core i5 - 10th-gen,16 GB,Yes,Intel Iris Plus Graphics,--,SSD 512 GB,Yes,"13.3""",2560 x 1600 Pixel,--,"IPS LCD LED Backlit, True Tone",1.4,304.1,212.4,15.6,Mac OS,Nhôm,2020,"[0, 1, 0, 4, 4, 0]",Yes
407VN,5,1,28,MSI Stealth Gaming GS66 10SE-407VN/i7-10750H,46990000,Intel Core i7 - 10750H,16 GB,Yes,GeForce RTX 2060 6GB	,--,SSD 512 GB,Yes,"15.6""",1920 x 1080 Pixel,240 Hz,Anti-glare LED-backlit,2.1,--,--,--,Windows 10,Nhôm,--,"[1, 1, 0, 1, 4, 0]",No
20UN007HVN,5,1,3,Lenovo Thinpad X1 Nano i5 1130G7,46499000,Intel Core i5 - 1130G7,16 GB,Yes,Intel Iris Xe Graphics,48 W,SSD 512 GB,Yes,"13.0""",--,60 Hz,Anti-glare LED-backlit,0.92,290,167,25,Windows 10,--,2021,"[0, 1, 0, 0, 0, 0]",Yes
NH.QDSSV.001,5,1,12,Acer Triton Gaming PT315-53-71DJ/i7-11800H,45999000,Intel Core i7 - 11800H,16 GB,Yes,Nvidia Geforce RTX3070 8GB,--,SSD 512 GB,Yes,"15.6""",2560 x 1440 Pixel,165 Hz,Acer ComfyView LED-backlit,2.0,350.72,255,19.9,Windows 10,Nhôm,2021,"[1, 2, 1, 1, 3, 0]",Yes
20XW0077VN,5,1,1,Lenovo ThinkPad X1 Carbon 9 i5 1135G7/20XW0077VN,45499000,Intel Core i5 - 1135G7,16 GB,Yes,Intel Iris Graphics,--,SSD 512 GB,Yes,"14.0""",1920 x 1200 Pixel,60 Hz,WVA Anti-glare LED Backlit Narrow Border,1.13,319,216,14.9,Windows 10,--,2021,"[1, 1, 0, 0, 2, 0]",Yes
20U9007YVN,5,1,54,Lenovo ThinkPad X1 Carbon 8 i5 10210U,42799000,Intel Core i5 - 10210U,16 GB,Yes,Card Onboard,--,nan,Yes,"14.0""",2560 x 1440 Pixel,60 Hz,WVA Anti-glare LED Backlit Narrow Border,1.1,323,216,14.9,Windows 10,--,2020,"[1, 2, 0, 2, 2, 0]",Yes
nan,nan,nan,nan,HP Gaming OMEN 16 b0141TX i5 11400H,42699000,nan,16 GB,No,NVIDIA GeForce RTX 3060 6GB,nan,SSD 1 TB,No,"16.1""",nan,nan,nan,2.3,nan,nan,nan,nan,nan,nan,"['nan', 'nan', 'nan', 'nan', 'nan', 'nan']",No
90NB0RZ2-M12520,5,1,1,Asus Zenbook UX371EA-HL494TS/i7-1165G7,40699000,Intel Core i7 - 1165G7,16 GB,Yes,Intel Iris Xe Graphics,65 W,SSD 1 TB,Yes,"13.3""",3840 x 2160 Pixel,60 Hz,Anti-glare LED-backlit,1.2,305.2,212,13.9,Windows 10,Kim Loại,2021,"[1, 0, 0, 2, 1, 0]",Yes
Z11B,4,3,314,"MacBook Pro 13"" 2020 Touch Bar M1 16GB/256GB",39999000,Apple M1 - --,16 GB,Yes,Apple M1,--,SSD 256 GB,Yes,"13.3""",2560 x 1600 Pixel,--,"IPS LCD LED Backlit, True Tone",1.4,304.1,212.4,15.6,Mac OS,Nhôm,2020,"[0, 1, 0, 2, 2, 0]",Yes
2019,5,1,34,Microsoft Surface Pro 7 Core i7-1065G7,39999000,Intel Core i7 - 1065G7,16 GB,Yes,Intel Iris Plus Graphics,65 W,SSD 256 GB,Yes,"12.3""",2736 x 1824 Pixel,60 Hz,--,0.775,201,8.5,292,Windows 10,Hợp kim Magie,Trung Quốc,"[0, 2, 0, 1, 1, 0]",Yes
90NB0S41-M05040,5,1,4,Asus Zenbook Duo UX482EA-KA268T/i7-1165G7,38799000,Intel Core i7 - 1165G7,16 GB,Yes,Intel Iris Xe Graphics,65 W,SSD 1 TB,Yes,"14.0""",1920 x 1080 Pixel,60 Hz,Anti-glare LED-backlit,1.62,324,222,--,Windows 10,Kim Loại,2021,"[1, 2, 0, 0, 1, 0]",Yes
4Y0Z8PA,5,1,6,HP Gaming OMEN 16 b0142TX i5 11400H,38799000,Intel Core i5 - 11400H,16 GB,Yes,NVIDIA GeForce RTX 3050 Ti 4GB,200 W,SSD 1 TB,Yes,"16.1""",1920 x 1080 Pixel,144 Hz,IPS LCD,2.3,369,262,23.5,Windows 10,--,2021,"[1, 2, 1, 1, 3, 0]",Yes
P89F003G5500B,5,1,28,Dell Gaming G5 15 Core i7 10750H,37999000,Intel Core i7 - 10750H,16 GB,Yes,NVIDIA GeForce RTX 2070 8GB,240 W,SSD 1 TB,Yes,"15.6""",1920 x 1080 Pixel,300 Hz,WVA Anti-glare LED Backlit Narrow Border,2.65,364.46,254,31.13,Windows 10,Nhựa,2021,"[1, 1, 1, 0, 3, 0]",Yes
70252800,5,1,2,Dell Gaming G5 5500 i7 10750H,37999000,Intel Core i7 - 10750H,16 GB,Yes,NVIDIA GeForce RTX 2070 8GB GDDR6,240 W,SSD 512 GB,Yes,"15.6""",1920 x 1080 Pixel,120 Hz,WVA Anti-glare LED Backlit Narrow Border,2.4,364.46,364.46,254,Windows 10,ABS plastic,2021,"[1, 2, 1, 1, 3, 0]",Yes
P100F001,5,1,19,Dell Gaming G7 15 7500 i7 10750H,36999000,Intel Core i7 - 10750H,8 GB,Yes,NVIDIA® GeForce® GTX 1660Ti 6GB,240 W,SSD 512 GB,Yes,"15.6""",1920 x 1080 Pixel,144 Hz,WVA Anti-glare LED Backlit Narrow Border,2.56,357.2,267.7,18.3,Windows 10,Kim Loại,2021,"[1, 1, 1, 0, 3, 0]",Yes
82N7002LVN,5,1,0,Lenovo Yoga 7 14ACN6 R7 5800U/82N7002LVN,36299000,AMD Ryzen 7 - 5800U,8 GB,Yes,AMD Radeon Graphics,65 W,SSD 512 GB,Yes,"14.0""",1920 x 1080 Pixel,--,IPS LCD,1.45,320.34,214.6,15.69,Windows 10,Nhôm,2021,"[0, 1, 0, 2, 1, 0]",Yes
NH.QBRSV.001,5,1,8,Acer Nitro Gaming AN515-45-R9SC/R7-5800H,35999000,AMD Ryzen 7 - 5800H,8 GB,Yes,Nvidia Geforce RTX3070 8GB,--,SSD 512 GB,Yes,"15.6""",1920 x 1080 Pixel,144 Hz,Acer ComfyView LED-backlit,2.2,363.4,255,23.9,Windows 10,Nhựa,2021,"[1, 2, 1, 1, 4, 0]",Yes
MGN73SA/A,5,1,65,"MacBook Air 13"" 2020 M1 512GB",34999000,Apple M1 - --,8 GB,Yes,Apple M1,--,SSD 512 GB,Yes,"13.3""",2560 x 1600 Pixel,--,"IPS LCD LED Backlit, True Tone",1.29,304.1,212.4,4.1 ~ 16.1,Mac OS,Nhôm,2020,"[0, 1, 0, 2, 2, 0]",Yes
061VN,5,1,19,MSI Gaming Stealth15M A11SDK 061VN i7 1185G7,34490000,Intel Core i7 - 1185G7,Đang cập nhật,Yes,GeForce GTX 1660Ti Max- Q 6GB,150 W,SSD 512 GB,Yes,"15.6""",1920 x 1080 Pixel,144 Hz,"IPS LCD LED Backlit, True Tone",1.693,358,248,15.9,Windows 10,Kim Loại,2021,"[1, 1, 0, 1, 2, 0]",No
MYDA2SA/A,5,7,678,"MacBook Pro 13"" 2020 Touch Bar M1 256GB",33999000,Apple M1 - --,8 GB,Yes,Apple M1,--,SSD 256 GB,Yes,"13.3""",2560 x 1600 Pixel,--,"IPS LCD LED Backlit, True Tone",1.4,304.1,212.4,15.6,Mac OS,Nhôm,2020,"[0, 1, 0, 2, 2, 0]",Yes
1A2F1AV,5,1,7,HP ZBook Firefly 14 G8 i5 1135G7/1A2F1AV,33899000,Intel Core i5 - 1135G7,16 GB,Yes,Intel Iris Xe Graphics,65 W,nan,Yes,"14.0""",1920 x 1080 Pixel,60 Hz,Anti-glare LED UWVA,1.35,323,214.6,17.9,Windows 10 Pro 64,--,2021,"[1, 1, 0, 2, 0, 0]",Yes
242VN,4,53,44,MSI Leopard GL65 10SDK-242VN/Core i7-10750H,33490000,Intel Core i7 - 10750H,16 GB,Yes,GeForce GTX 1660 Ti 6GB,--,SSD 512 GB,Yes,"15.6""",1920 x 1080 Pixel,144 Hz,LED-backlit,2.3,357,248,27.5,Windows 10,Nhôm,2020,"[0, 0, 0, 0, 0, 0]",Yes
90NB0S41-M05030,5,1,2,Asus Zenbook Duo UX482EA-KA274T/i5-1135G7,31999000,Intel Core i5 - 1135G7,8 GB,Yes,Intel Iris Xe Graphics,65 W,SSD 512 GB,Yes,"14.0""",1920 x 1080 Pixel,60 Hz,Anti-glare LED-backlit,1.62,324,222,--,Windows 10,Kim Loại,2021,"[1, 2, 0, 0, 1, 0]",Yes
90NB0S41-M02460,5,1,46,Asus Zenbook Duo UX482EA-KA081T i5 1135G7,31499000,Intel Core i5 - 1135G7,8 GB,Yes,Intel Iris Xe Graphics,65 W,SSD 512 GB,Yes,"14.0""",1920 x 1080 Pixel,60 Hz,Anti-glare LED-backlit,1.62,324,222,16.9,Windows 10,Kim Loại,2021,"[1, 2, 0, 0, 1, 0]",Yes
NH.QDGSV.003,5,1,61,Acer Nitro Gaming AN515-57-5831/i5-11400H,31349000,Intel Core i5 - 11400H,8 GB,Yes,NVIDIA GeForce RTX 3060 6GB,--,SSD 512 GB,Yes,"15.6""",1920 x 1080 Pixel,144 Hz,Acer ComfyView LED-backlit,2.2,363.4,255,23.9,Windows 10,Nhựa,2021,"[0, 0, 0, 1, 3, 0]",Yes
P89F002BWH,5,1,62,Dell Gaming G3 15 i7 10750H,31059000,Intel Core i7 - 10750H,16 GB,Yes,NVIDIA® GeForce® GTX 1660Ti 6GB,240 W,SSD 512 GB,Yes,"15.6""",1920 x 1080 Pixel,120 Hz,WVA Anti-glare LED Backlit Narrow Border,2.58,364.46,254,32,Windows 10,Nhựa,2021,"[1, 1, 1, 0, 3, 0]",Yes
P89F002G3500B,3,2,204,Dell Gaming G3 15 3500B i7 10750H/P89F002G3500B,31059000,Intel Core i7 - 10750H,16 GB,Yes,Nvidia GTX1660Ti 6GB,240 W,SSD 512 GB,Yes,"15.6""",1920 x 1080 Pixel,120 Hz,WVA Anti-glare LED Backlit Narrow Border,2.58,364.46,254,21.60 ~ 30.96,Windows 10,Nhựa,2020,"[1, 2, 1, 0, 3, 0]",Yes
--,5,1,78,Microsoft Surface Pro 7/Core i5-1035G4,30499000,Intel Core i5 - 1035G4,8 GB,Yes,Intel Iris Plus Graphics,65 W,SSD 256 GB,Yes,"12.3""",2736 x 1824 Pixel,60 Hz,--,0.775,201,8.5,292,Windows 10,Hợp kim Magie,2019,"[0, 2, 0, 1, 1, 0]",Yes
70258049,5,1,55,Dell Gaming G15 5515 R7 5800H/70258049,30099000,AMD Ryzen 7 - 5800H,8 GB,Yes,NVIDIA GeForce GTX 3050 4GB,180 W,SSD 512 GB,Yes,"15.6""",1920 x 1080 Pixel,120 Hz,WVA Anti-glare LED Backlit Narrow Border,2.81,357,272,26.9,Windows 10,--,2021,"[1, 2, 1, 1, 3, 0]",Yes
2K0B6PA,5,1,126,HP Envy 13 ba1030TU i7 1165G7/2K0B6PA,29779000,Intel Core i7 - 1165G7,8 GB,Yes,Card Onboard,65 W,SSD 512 GB,Yes,"13.3""",1920 x 1080 Pixel,60 Hz,BrightView Micro-edge WLED-backlit,1.25,307,194.5,16.9,Windows 10,Nhôm,2020,"[0, 2, 0, 1, 2, 0]",Yes
G5 MD-51S1123SH,5,1,43,Gigabyte Gaming G5 MD i5 11400H/51S1123SH,28499000,Intel Core i5 - 11400H,16 GB,Yes,NVIDIA GeForce RTX3050 Ti 4GB,150 W,SSD 512 GB,Yes,"15.6""",1920 x 1080 Pixel,144 Hz,Anti-glare LED-backlit,2.2,361,258,24.9,Windows 10,Nhựa,2021,"[1, 2, 1, 1, 3, 0]",Yes
NX.AU3SV.001,5,1,60,Acer Swift X SFX14-41G-R61A/R5-5600U,28499000,AMD Ryzen 5 - 5600U,16 GB,Yes,Nvidia Geforce RTX3050Ti 4GB,--,nan,Yes,"14.0""",1920 x 1080 Pixel,60 Hz,Acer ComfyView LED-backlit,1.39,322.8,212.2,17.9,Windows 10,Nhôm,2021,"[1, 2, 0, 1, 3, 0]",Yes
FX706HC-HX009T,5,1,27,Asus TUF Gaming FX706HC-HX009T/i7-11800H,27999000,Intel Core i7 - 11800H,8 GB,Yes,Nvidia Geforce RTX3050 4GB,48 W,SSD 512 GB,Yes,"17.3""",1920 x 1080 Pixel,144 Hz,Anti-glare LED-backlit,2.6,399,269,21.37 ~ 26.13,Windows 10,Kim Loại,2021,"[1, 2, 1, 1, 3, 0]",Yes
31J36PA,5,1,12,HP Pavillion Gaming 15 dk1159TX/i7 10750H,27990000,Intel Core i7 - 10750H,8 GB,Yes,NVIDIA® GeForce® GTX1659 4GB,150 W,SSD 512 GB,Yes,"15.6""",1920 x 1080 Pixel,60 Hz,LED-backlit,2.23,360,256,23.4,Windows 10,Nhựa,2021,"[1, 2, 1, 1, 2, 0]",Yes
nan,nan,nan,nan,ASUS Gaming TUF FX516PC-HN001T/i7-11370H,27790000,nan,8 GB,No,Nvidia Geforce RTX3050 4GB,nan,SSD 512 GB,No,"15.6""",nan,nan,nan,2,nan,nan,nan,nan,nan,nan,"['nan', 'nan', 'nan', 'nan', 'nan', 'nan']",No
1K3U8PA,5,1,55,HP Pavilion Gaming 15 dk1074TX i7 10750H/1K3U8PA,27490000,Intel Core i7 - 10750H,8 GB,Yes,GeForce GTX 1650 4GB,--,SSD 512 GB,Yes,"15.6""",1920 x 1080 Pixels,60 Hz,IPS LCD,2.23 Kg,360.02,256,23.4,Windows 10 Home SL 64,Nhựa,2020,"[1, 2, 1, 1, 3, 0]",Yes
171N3PA,5,1,98,HP Envy x360 13 ay0069AU R7 4700U/171N3PA,27199000,AMD Ryzen™ 7 - 4700U,8 GB,Yes,AMD Radeon Graphics,65 W,SSD 256 GB,Yes,"13.3""",1920 x 1080 Pixels,60 Hz,FHD Touch,1.32kg,306.5,194.6,16.4,Windows 10 Home,Nhôm,2020,"[0, 2, 0, 1, 2, 0]",Yes
82A30075VN,5,2,307,Lenovo Yoga Slim 7 14ITL05 i7 1165G7,27199000,Intel Core i7 - 1165G7,16 GB,Yes,Intel Iris Xe Graphics,65 W,SSD 512 GB,Yes,"14.0""",1920 x 1080 Pixel,60 Hz,"IPS LCD LED Backlit, True Tone",1.36,320.5,208.5,14.9,Windows 10,Nhôm,2021,"[1, 1, 0, 0, 2, 0]",Yes
82B500RRVN,5,1,326,Lenovo Gaming Legion 5 R7 4800H,26999000,AMD Ryzen 7 - 4800H,16 GB,Yes,NVIDIA® GeForce® GTX1650Ti 4GB,170 W,nan,Yes,"15.6""",1920 x 1080 Pixel,144 Hz,"IPS LCD LED Backlit, True Tone",2.3,363,256.9,22,Windows 10,ABS plastic,2020,"[1, 1, 1, 1, 4, 0]",Yes
82L3005FVN,5,1,102,Lenovo Ideapad 5 Pro 14ITL6 i7 1165G7/82L3005FVN,26699000,Intel Core i7 - 1165G7,16 GB,Yes,NVIDIA Geforce MX450 2GB,--,SSD 512 GB,Yes,"14.0""",--,60 Hz,"IPS LCD LED Backlit, True Tone",1.41,308,221.7,15.9,Windows 10,Nhôm,2021,"[1, 1, 0, 2, 2, 0]",Yes
--,5,1,124,Microsoft Surface Pro 7/Core i5-1035G4,25999000,Intel Core i5 - 1035G4,8 GB,Yes,Intel Iris Plus Graphics,65 W,SSD 128 GB,Yes,"12.3""",2736 x 1824 Pixel,60 Hz,--,0.775,201,8.5,292,Windows 10,Hợp kim Magie,2019,"[0, 2, 0, 1, 1, 0]",Yes
V4I7015W,5,1,215,Dell Vostro V3400 i7 1165G7,25219000,Intel Core i7 - 1165G7,8 GB,Yes,NVIDIA® GeForce® MX330 2GB,45 W,SSD 512 GB,Yes,"14.0""",1920 x 1080 Pixel,60 Hz,Anti-glare LED-backlit,1.81,361.4,249,199,Windows 10,--,2021,"[1, 1, 0, 0, 0, 0]",Yes
2Z6J6PA,5,1,52,HP Probook 440 G8 i7 1165G7,25190000,Intel Core i7 - 1165G7,16 GB,Yes,Intel Iris Xe Graphics,65 W,SSD 512 GB,Yes,"14.0""",1920 x 1200 Pixel,--,--,1.4,324,212.4,19.9,Windows 10,ABS plastic,2021,"[0, 0, 0, 1, 0, 0]",Yes
4ZR1C39165,5,1,23,Fujitsu CH 9C13A1 i5 1135G7/4ZR1C39165,24499000,Intel Core i5 - 1135G7,8 GB,Yes,Intel Iris Xe Graphics,30 W,SSD 512 GB,Yes,"13.3""",1920 x 1080 Pixel,--,Anti-glare LED-backlit,0.995,307,208,15.9,Windows 10,Kim Loại,2021,"[1, 1, 0, 2, 1, 0]",Yes
70262927,5,1,0,Dell Inspiron N5410 i5 1155G7/70262927,23999000,Intel Core i5 - 1155G7,8 GB,Yes,Intel Iris Xe Graphics,65 W,SSD 512 GB,Yes,"14.0""",1920 x 1080 Pixel,60 Hz,WVA Anti-glare LED Backlit Narrow Border,1.65,322,212,18,Windows 10,--,2021,"[1, 2, 0, 1, 2, 0]",No
82K1004YVN,5,1,283,Lenovo Gaming 3 15IHU6 i5 11300H/82K1004YVN,23699000,Intel Core i5 - 11300H,8 GB,Yes,NVIDIA GeForce RTX 3050 4GB,45 W,SSD 512 GB,Yes,"15.6""",1920 x 1080 Pixel,120 Hz,IPS LCD,2.25,356.67,251,24.4,Windows 10,ABS plastic,2021,"[1, 2, 1, 1, 2, 0]",Yes
90NB0SM1-M09060,5,19,1621,Asus Zenbook UX425EA-KI429T/i5-1135G7,23199000,Intel Core i5 - 1135G7,8 GB,Yes,Intel Iris Xe Graphics,65 W,SSD 512 GB,Yes,"14.0""",1920 x 1080 Pixel,60 Hz,Anti-glare LED-backlit,1.17,319,208,13.9,Windows 10,Kim Loại,2021,"[0, 0, 0, 0, 0, 0]",Yes
A515EP-BQ196T,5,1,111,ASUS VivoBook A515EP-BQ196T/i7-1165G7,22499000,Intel Core i7 - 1165G7,8 GB,Yes,Nvidia Geforce MX330 2GB,65 W,SSD 512 GB,Yes,"15.6""",1920 x 1080 Pixel,60 Hz,Anti-glare LED-backlit,1.8,359,235,17.9,Windows 10,Kim Loại,2021,"[1, 2, 0, 1, 3, 0]",Yes
90NB0VZ2-M00650,5,1,30,Asus Vivobook Pro M3401QA-KM040T/R7-5800H,22309000,AMD Ryzen 7 - 5800H,8 GB,Yes,AMD Radeon Graphics,90 W,SSD 512 GB,Yes,"14.0""",2880 x 1800 Pixel,90 Hz,OLED,1.4,319,228,19.5,Windows 10,Nhôm,2021,"[1, 2, 0, 1, 2, 0]",Yes
70253897,5,1,159,Dell Inspiron N3501 i5 1135G7/70253897,21829000,Intel Core i5 - 1135G7,8 GB,Yes,NVIDIA GeForce MX330 2GB,65 W,SSD 512 GB,Yes,"15.6""",1920 x 1080 Pixel,60 Hz,WVA Anti-glare LED Backlit Narrow Border,1.96,363.96,249,19.9,Windows 10,Nhựa,2020,"[1, 2, 1, 0, 3, 0]",Yes
460VN,5,1,102,MSI Modern 14 B11MOU 460VN i7 1165G7,21339000,Intel Core i7 - 1195G7,8 GB,Yes,Intel Iris Graphics,65 W,SSD 512 GB,Yes,"14.0""",1920 x 1080 Pixel,60 Hz,"IPS LCD LED Backlit, True Tone",1.3,319,219,16.9,Windows 10,Kim Loại,2021,"[1, 2, 0, 1, 3, 0]",Yes
014VN,5,1,17,MSI Gaming GF63 10SC 014VN i5 10200H,20990000,Intel Core i5 - --,8 GB,Yes,NVIDIA® GeForce® GTX1650 4GB,120 W,SSD 512 GB,Yes,"15.6""",1920 x 1080 Pixel,144 Hz,"IPS LCD LED Backlit, True Tone",2.2,359,249.6,24.9,Windows 10,Kim Loại,2021,"[1, 2, 1, 1, 3, 0]",Yes
46M05PA,5,1,256,HP Pavilion 15 eg0506TX i5 1135G7/46M05PA,20369000,Intel Core i5 - 1135G7,8 GB,Yes,NVIDIA GeForce MX450 2GB,45 W,SSD 512 GB,Yes,"15.6""",1920 x 1080 Pixel,60 Hz,--,1.726,360,234,17.9,Windows 11,Nhựa,2021,"[1, 2, 0, 1, 0, 0]",Yes
2020,5,1,165,Microsoft Surface Laptop Go/Core i5-1035G1,19999000,Intel Core i5 - 1035G1,8 GB,Yes,Intel UHD Graphics,39 W,SSD 128 GB,Yes,"12.4""",1536 x 1024 (148 PPI),60 Hz,IPS LCD,1.1,278.18,205.67,15.69,Windows 10,Nhôm,Trung Quốc,"[0, 1, 0, 1, 1, 0]",Yes
678VN,5,1,124,MSI Modern 15 A11MU 678VN i5 1155G7,19999000,Intel Core i5 - 1155G7,8 GB,Yes,Intel Iris Graphics,65 W,SSD 512 GB,Yes,"15.6""",1920 x 1080 Pixel,60 Hz,"IPS LCD LED Backlit, True Tone",1.6,356.8,233.7,16.9,Windows 10,Kim Loại,2021,"[1, 2, 0, 1, 3, 0]",Yes
292VN,5,1,33,MSI Gaming Bravo 15 A4DCR 292VN R5 4600H,19990000,AMD Ryzen 5 - 4600H,8 GB,Yes,AMD Radeon RX 5300M 3GB,180 W,SSD 512 GB,Yes,"15.6""",1920 x 1080 Pixel,144 Hz,"IPS LCD LED Backlit, True Tone",1.91,359,254.5,21.7,Windows 10,Kim loại và nhựa,2021,"[1, 2, 1, 2, 4, 0]",Yes
70262929,5,1,32,Dell Inspiron N5415 R5 5500U/70262929,19799000,AMD Ryzen 5 - 5500U,8 GB,Yes,AMD Radeon Graphics,65 W,SSD 256 GB,Yes,"14.0""",1920 x 1080 Pixel,60 Hz,WVA Anti-glare LED Backlit Narrow Border,1.43,322,212,18,Windows 10,--,2021,"[1, 2, 0, 1, 2, 0]",No
A515EP-BQ496T,5,1,152,Asus Vivobook A515EP-BQ496T/i5-1135G7,19499000,Intel Core i5 - 1135G7,8 GB,Yes,Nvidia Geforce MX330 2GB,42 W,SSD 512 GB,Yes,"15.6""",1920 x 1080 Pixel,60 Hz,Anti-glare LED-backlit,1.8,359,233,23.5,Windows 10,Kim Loại,2021,"[1, 2, 0, 1, 4, 0]",Yes
82LN00APVN,4,2,283,Lenovo IdeaPad Slim 5 15ALC05 R7 5700U,18999000,AMD Ryzen 7 - 5700U,8 GB,Yes,AMD Radeon Graphics,45 W,SSD 512 GB,Yes,"15.6""",1920 x 1080 Pixel,60 Hz,"IPS LCD LED Backlit, True Tone",1.66,356.67,233.13,19.9,Windows 10,Nhôm,2021,"[1, 1, 0, 1, 2, 0]",Yes
21A2004AVN,5,1,418,Lenovo ThinkBook 14 G3 ACL R5 5500U/21A2004AVN,18699000,AMD Ryzen 5 - 5500U,8 GB,Yes,AMD Radeon Graphics,45 W,SSD 512 GB,Yes,"14.0""",1920 x 1080 Pixel,60 Hz,"IPS LCD LED Backlit, True Tone",1.4,323,217.5,17.9,Windows 10,Nhôm,2021,"[1, 1, 1, 2, 2, 0]",Yes
70253897,5,1,1,Dell Vostro V5515 R3 5300U/70253897,18599000,AMD Ryzen 3 - 5300U,8 GB,Yes,AMD Radeon Graphics,65 W,SSD 256 GB,Yes,"15.6""",1920 x 1080 Pixel,60 Hz,WVA Anti-glare LED Backlit Narrow Border,1.74,356,228,18,Windows 10,--,2021,"[1, 2, 1, 1, 2, 0]",No
46L79PA,5,1,73,HP Pavilion 14 dv0510TU i5-1135G7/46L79PA,18499000,Intel Core i5 - 1135G7,8 GB,Yes,Intel Iris Xe Graphics,45 W,SSD 512 GB,Yes,"14.0""",1920 x 1080 Pixel,--,FHD,1.41,325,216.6,17,Windows 11,--,2021,"[1, 1, 0, 1, 2, 0]",Yes
NS14A9VNV561-ABA,5,1,23,Avita Liber NS14A9 R5 4500U/NS14A9VNV561-ABA,17999000,AMD Ryzen 5 - 4500U,8 GB,Yes,AMD Radeon RX Graphics,42 W,SSD 512 GB,Yes,"14.0""",1920 x 1080 Pixel,60 Hz,--,1.3,--,--,--,Windows 10,Nhôm,2020,"[1, 2, 0, 1, 2, 0]",Yes
NS14A9VNV561-UGA,5,1,30,Avita Liber NS14A9 R5 4500U/NS14A9VNV561-UGA,17999000,AMD Ryzen 5 - 4500U,8 GB,Yes,Radeon RX Graphics,42 W,SSD 512 GB,Yes,"14.0""",1920 x 1080 Pixel,60 Hz,--,1.3,--,--,--,Windows 10,Nhôm,2020,"[1, 2, 0, 1, 2, 0]",Yes
90NB0TY1-M23210,5,1,19,Asus VivoBook X515EA-BR1409T/i5-1135G7,17599000,Intel Core i5 - 1135G7,8 GB,Yes,Intel Iris Xe Graphics,37 W,nan,Yes,"15.6""",1366 x 768 Pixel,60 Hz,LED Backlit,1.8,360,235,199,Windows 10,ABS plastic,2021,"[1, 2, 0, 1, 2, 0]",Yes
518V6PA,5,1,1013,HP 240 G8 i5 1135G7,17499000,Intel Core i5 - 1135G7,8 GB,Yes,Intel Xe Graphics,45 W,SSD 256 GB,Yes,"14.0""",1920 x 1080 Pixel,60 Hz,--,1.42,324,225,19.9,Windows 10,Nhựa,2021,"[1, 2, 0, 1, 2, 0]",Yes
36A43PA,5,1,204,HP 340s G7 i5 1035G1/36A43PA,17199000,Intel Core i5 - 1035G1,8 GB,Yes,Intel UHD Graphics,45 W,SSD 256 GB,Yes,"14.0""",1920 x 1080 Pixel,60 Hz,--,1.3,324,225,17.9,Windows 10,Nhựa,2021,"[1, 2, 0, 1, 2, 0]",Yes
2H3L1PA,5,1,95,HP Pavilion 14 dv0042TU i5-1135G7,17190000,Intel Core i5 - 1135G7,8 GB,Yes,Intel Iris Xe Graphics,45 W,SSD 256 GB,Yes,"14.0""",1920 x 1080 Pixel,60 Hz,Anti-glare LED-backlit,1.41,383,69,305,Windows 10,Kim Loại,2021,"[1, 2, 0, 1, 2, 0]",Yes
82H7003UVN,5,1,337,Lenovo IdeaPad Slim 3 14ITL6 i5 1135G7,16999000,Intel Core i5 - 1135G7,8 GB,Yes,Intel Iris Xe Graphics,--,nan,Yes,"14.0""",1920 x 1080 Pixel,60 Hz,Anti-glare LED-backlit,1.41,324,215.6,19.9,Windows 10,ABS plastic,2021,"[1, 1, 0, 1, 2, 0]",Yes
A515EA-BN1688T,5,2,612,Asus Vivobook A515EA-BN1688T/i3-1115G4,15999000,Intel Core i3 - 1115G4,8 GB,Yes,Intel UHD Graphics,42 W,SSD 256 GB,Yes,"15.6""",1920 x 1080 Pixel,60 Hz,Anti-glare LED-backlit,1.8,359,--,23.5,Windows 10,Kim Loại,2021,"[1, 2, 0, 1, 4, 0]",Yes
519A7PA,5,1,1460,HP 240 G8 i3 1005G1/519A7PA,12899000,Intel Core i3 - 1005G1,4 GB,Yes,Intel UHD Graphics,45 W,SSD 256 GB,Yes,"14.0""",1920 x 1080 Pixel,60 Hz,--,1.42,324,225,19.9,Windows 10,Nhựa,2021,"[1, 2, 0, 1, 2, 0]",Yes
NK,5,1,24,Dell Inspiron N3502 Pentium N5030/NK,11699000,Intel Pentium - N5030,4 GB,Yes,Intel UHD Graphics 605,45 W,SSD 128 GB,Yes,"15.6""",1366 x 768 Pixel,60 Hz,Anti-glare LED-backlit,1.83,363.96,249,19.9,Windows 10,Nhựa,2020,"[1, 2, 1, 0, 3, 0]",Yes
P91K5,5,1,6,Dell Inspiron N3510 N4020/P91K5_NK,10999000,Intel Celeron - N4020,4 GB,Yes,Intel UHD Graphics 600,65 W,SSD 128 GB,Yes,"15.6""",1366 x 768 Pixel,60 Hz,--,1.65,358.5,235,0.41 ~ 15.6,Windows 10,Nhựa,2021,"[1, 1, 1, 0, 3, 0]",Yes
90NX03A1-M06750,5,2,203,ASUS Flip BR1100FKA-BP0531T/N4500,9999000,Intel Celeron - N4500,4 GB,Yes,Intel UHD Graphics,45 W,eMMC 128GB,Yes,"11.6""",1366 x 768 Pixel,60 Hz,Anti-glare LED-backlit,1.35,296.9,204.7,20,Windows 10,Nhựa,2021,"[1, 2, 1, 1, 2, 0]",Yes
